{
  "DynaCLIP-V2": {
    "best_metric": "prediction_error",
    "best_accuracy": 0.5642292490118577,
    "all_accuracies": {
      "embedding_diff": 0.5019762845849802,
      "max_jump": 0.4871541501976285,
      "prediction_error": 0.5642292490118577
    }
  },
  "dinov2_vitb14": {
    "best_metric": "prediction_error",
    "best_accuracy": 0.5968379446640316,
    "all_accuracies": {
      "embedding_diff": 0.5098814229249012,
      "max_jump": 0.5158102766798419,
      "prediction_error": 0.5968379446640316
    }
  }
}