{
  "V3-full": {
    "mass": 0.16558690865834555,
    "friction": -0.0005410512288411459,
    "restitution": 0.22205873330434164,
    "category_acc": 0.9953555555555557
  },
  "V3-wiseft05": {
    "mass": 0.17608582973480225,
    "friction": 0.00707856814066569,
    "restitution": 0.2265360156695048,
    "category_acc": 0.995488888888889
  },
  "ablation-random": {
    "mass": -0.01751442750295003,
    "friction": -0.09161921342213948,
    "restitution": -0.11605540911356609,
    "category_acc": 0.9948444444444444
  },
  "ablation-mass": {
    "mass": 0.18434864282608032,
    "friction": -0.01903994878133138,
    "restitution": 0.22767863670984903,
    "category_acc": 0.9948444444444444
  },
  "ablation-fric": {
    "mass": 0.10281509160995483,
    "friction": -0.1307898759841919,
    "restitution": 0.1842509150505066,
    "category_acc": 0.9868266666666667
  },
  "ablation-rest": {
    "mass": 0.10229268074035644,
    "friction": -0.13229057788848878,
    "restitution": 0.1826283574104309,
    "category_acc": 0.98652
  }
}